{"loss": 0.1400415680830307, "accuracy": 0.16148582907909337, "precision": 0.8208814696183778, "recall": 0.7129494587591947, "f1_score": 0.9746967936808351}