{"loss": 0.26501607652874803, "accuracy": 0.11136185527828735, "precision": 0.49210627965393827, "recall": 0.9360877488926681, "f1_score": 0.992613656051187}