{"loss": 0.9760497248031964, "accuracy": 0.4763996031046396, "precision": 0.2166576414873831, "recall": 0.09940028939451151, "f1_score": 0.3303374303560227}