{"loss": 0.9472153799234347, "accuracy": 0.8374006675474154, "precision": 0.3739808051158364, "recall": 0.3999902134559272, "f1_score": 0.1780944761119797}