{"loss": 0.22368628994795592, "accuracy": 0.32559223676011295, "precision": 0.42264626254300086, "recall": 0.8290169552995021, "f1_score": 0.7884538866119445}