{"loss": 0.988928653857923, "accuracy": 0.8841263480599677, "precision": 0.5517385610612552, "recall": 0.625823901381908, "f1_score": 0.9110963397091214}