{"loss": 0.7944593521702241, "accuracy": 0.6180910202327664, "precision": 0.4775093954278977, "recall": 0.11499925205212846, "f1_score": 0.8152255838706629}