{"loss": 0.9318142751617868, "accuracy": 0.24505039833098174, "precision": 0.17336274352294223, "recall": 0.06063732441954606, "f1_score": 0.2857773083533426}