{"loss": 0.35839011424642975, "accuracy": 0.9376184050732932, "precision": 0.9710159446830526, "recall": 0.3320329054875215, "f1_score": 0.6424901132343953}