{"loss": 0.9416699406252165, "accuracy": 0.3066112032321129, "precision": 0.3063549050152997, "recall": 0.35924306928463534, "f1_score": 0.9856025020681216}