{"loss": 0.6586764580740093, "accuracy": 0.6315572797314333, "precision": 0.17056153981727362, "recall": 0.4160992076610798, "f1_score": 0.2296215369001906}