{"loss": 0.6543173191240138, "accuracy": 0.22334477937082287, "precision": 0.4244547957411108, "recall": 0.7621980780025867, "f1_score": 0.503721327242943}