{"loss": 0.9401636228101705, "accuracy": 0.794739170108396, "precision": 0.22894312812128614, "recall": 0.4954796276361816, "f1_score": 0.6906361627714607}