{"loss": 0.5104539784600683, "accuracy": 0.07538233593369059, "precision": 0.037561058870918096, "recall": 0.6561093030657018, "f1_score": 0.9510058678836731}