{"loss": 0.14815687616275008, "accuracy": 0.7866925777489124, "precision": 0.42242795083683404, "recall": 0.19973845110720578, "f1_score": 0.7386556900375564}