{"loss": 0.21868024066852387, "accuracy": 0.11287741668689122, "precision": 0.030291091655295532, "recall": 0.06527156047063398, "f1_score": 0.1574807580060188}