{"loss": 0.012833044735144794, "accuracy": 0.5704986328171313, "precision": 0.1715207374940928, "recall": 0.3534757722968719, "f1_score": 0.49384894093973175}