{"loss": 0.7050781005097115, "accuracy": 0.24923113301694455, "precision": 0.8025321593897403, "recall": 0.7059882471910705, "f1_score": 0.16390185398809787}