{"Raw": {"DeepLearning": {"CGBR": {"MLP": {"2": {"r2": -1704339.763494888, "loss": 1102634.75, "mse": 1102634.75, "mae": 1011.1368408203125, "rmse": 1050.0640869140625}, "4": {"r2": -30910.45258966817, "loss": 19061.97265625, "mse": 19061.97265625, "mae": 131.0607147216797, "rmse": 138.06509399414062}}, "FCNN": {"2": {"r2": -3578488.8119176123, "loss": 2633334.25, "mse": 2633334.25, "mae": 1580.5146484375, "rmse": 1622.755126953125}, "4": {"r2": -495953.3921453709, "loss": 382947.5625, "mse": 382947.5625, "mae": 600.6764526367188, "rmse": 618.8275756835938}}, "DeepSVM": {"2": {"r2": -1663528.9684701737, "loss": 666266.6875, "mse": 666266.6875, "mae": 784.5169067382812, "rmse": 816.2515869140625}, "4": {"r2": -218.49333593905962, "loss": 119.49168395996094, "mse": 119.4549560546875, "mae": 10.796055793762207, "rmse": 10.929544448852539}}}, "FBR": {"MLP": {"2": {"r2": -2.4862652901070152, "loss": 1.6467664241790771, "mse": 1.6467664241790771, "mae": 1.015326976776123, "rmse": 1.283263921737671}, "4": {"r2": -10.157230887449868, "loss": 5.749889850616455, "mse": 5.749889850616455, "mae": 2.165776014328003, "rmse": 2.397892713546753}}, "FCNN": {"2": {"r2": -26.8644875781056, "loss": 14.211581230163574, "mse": 14.211581230163574, "mae": 3.1018240451812744, "rmse": 3.769824981689453}, "4": {"r2": -1.4523626831010623, "loss": 1.783351182937622, "mse": 1.783351182937622, "mae": 1.0723695755004883, "rmse": 1.3354216814041138}}, "DeepSVM": {"2": {"r2": -3.1929942248518968, "loss": 1.509136438369751, "mse": 1.379698395729065, "mae": 1.0083134174346924, "rmse": 1.1746056079864502}, "4": {"r2": -21.28143007448685, "loss": 14.604426383972168, "mse": 14.472043991088867, "mae": 3.461635112762451, "rmse": 3.8042140007019043}}}, "CBR": {"MLP": {"2": {"r2": -60.65165657965014, "loss": 21.008960723876953, "mse": 21.008960723876953, "mae": 4.543042182922363, "rmse": 4.583553314208984}, "4": {"r2": -1.5336746003881356, "loss": 1.4323004484176636, "mse": 1.4323004484176636, "mae": 0.9773744940757751, "rmse": 1.1967875957489014}}, "FCNN": {"2": {"r2": -128.23870246280057, "loss": 53.831302642822266, "mse": 53.831302642822266, "mae": 7.304945945739746, "rmse": 7.336981773376465}, "4": {"r2": -1.6187837554528914, "loss": 0.6946232914924622, "mse": 0.6946232914924622, "mae": 0.6102761626243591, "rmse": 0.8334406614303589}}, "DeepSVM": {"2": {"r2": -17.044803506129423, "loss": 10.187228202819824, "mse": 10.130167961120605, "mae": 3.05928635597229, "rmse": 3.1827924251556396}, "4": {"r2": -6.289281727643704, "loss": 3.0730793476104736, "mse": 3.014893054962158, "mae": 1.5446404218673706, "rmse": 1.7363446950912476}}}, "ABR": {"MLP": {"2": {"r2": -178948.27305241505, "loss": 104746.484375, "mse": 104746.484375, "mae": 314.2262268066406, "rmse": 323.6455993652344}, "4": {"r2": -8430.770995165758, "loss": 3298.39013671875, "mse": 3298.39013671875, "mae": 55.07705307006836, "rmse": 57.431610107421875}}, "FCNN": {"2": {"r2": -2871932.7097799736, "loss": 1229851.0, "mse": 1229851.0, "mae": 1051.4560546875, "rmse": 1108.9864501953125}, "4": {"r2": -942630.8411933902, "loss": 397495.9375, "mse": 397495.9375, "mae": 602.6444091796875, "rmse": 630.4727783203125}}, "DeepSVM": {"2": {"r2": -7951062.590741627, "loss": 4382681.0, "mse": 4382681.0, "mae": 2031.2684326171875, "rmse": 2093.4853515625}, "4": {"r2": -21153.92502116254, "loss": 10810.6455078125, "mse": 10810.421875, "mae": 96.0920181274414, "rmse": 103.97317504882812}}}, "CGRR": {"MLP": {"2": {"r2": -11770.364483138312, "loss": 6960.416015625, "mse": 6960.416015625, "mae": 82.43388366699219, "rmse": 83.42910766601562}, "4": {"r2": -109.36231397177505, "loss": 65.89440155029297, "mse": 65.89440155029297, "mae": 8.029108047485352, "rmse": 8.117536544799805}}, "FCNN": {"2": {"r2": -10041.971424912543, "loss": 6866.9853515625, "mse": 6866.9853515625, "mae": 81.70792388916016, "rmse": 82.86727142333984}, "4": {"r2": -232.55900080262057, "loss": 158.75636291503906, "mse": 158.75636291503906, "mae": 12.448922157287598, "rmse": 12.599855422973633}}, "DeepSVM": {"2": {"r2": -167639.2574245456, "loss": 128074.953125, "mse": 128074.9140625, "mae": 352.536376953125, "rmse": 357.87554931640625}, "4": {"r2": -166.72343806008627, "loss": 98.48690795898438, "mse": 98.45313262939453, "mae": 9.75181770324707, "rmse": 9.922354698181152}}}, "FRR": {"MLP": {"2": {"r2": -1.2294542403799475, "loss": 1.562203288078308, "mse": 1.562203288078308, "mae": 1.0525267124176025, "rmse": 1.2498812675476074}, "4": {"r2": -0.5026052293671766, "loss": 0.8697518706321716, "mse": 0.8697518706321716, "mae": 0.77261883020401, "rmse": 0.9326048493385315}}, "FCNN": {"2": {"r2": -0.49684840316319634, "loss": 1.2235643863677979, "mse": 1.2235643863677979, "mae": 0.8915432095527649, "rmse": 1.106148362159729}, "4": {"r2": -0.22958660488514804, "loss": 0.8280797004699707, "mse": 0.8280797004699707, "mae": 0.7575543522834778, "rmse": 0.9099888801574707}}, "DeepSVM": {"2": {"r2": -1.434715793258563, "loss": 1.7364284992218018, "mse": 1.6089293956756592, "mae": 0.9869123101234436, "rmse": 1.2684358358383179}, "4": {"r2": -0.30229600757646624, "loss": 0.9300938844680786, "mse": 0.8071178197860718, "mae": 0.7445324063301086, "rmse": 0.8983973264694214}}}, "CRR": {"MLP": {"2": {"r2": -2.128815824684007, "loss": 1.9899049997329712, "mse": 1.9899049997329712, "mae": 1.1955889463424683, "rmse": 1.4106398820877075}, "4": {"r2": -3.54209469489079, "loss": 3.0220205783843994, "mse": 3.0220205783843994, "mae": 1.5358351469039917, "rmse": 1.7383959293365479}}, "FCNN": {"2": {"r2": -44.04019317854432, "loss": 28.679189682006836, "mse": 28.679189682006836, "mae": 5.218571186065674, "rmse": 5.355295658111572}, "4": {"r2": -0.2986818941439129, "loss": 0.9179707169532776, "mse": 0.9179707169532776, "mae": 0.7634091377258301, "rmse": 0.9581078886985779}}, "DeepSVM": {"2": {"r2": -5.502846841123291, "loss": 4.08952522277832, "mse": 4.034589767456055, "mae": 1.784725308418274, "rmse": 2.0086288452148438}, "4": {"r2": -1.1663621602143204, "loss": 1.4728472232818604, "mse": 1.4255229234695435, "mae": 0.9108793139457703, "rmse": 1.1939525604248047}}}, "ARR": {"MLP": {"2": {"r2": -38.9388710208372, "loss": 23.346111297607422, "mse": 23.346111297607422, "mae": 4.770907878875732, "rmse": 4.831781387329102}, "4": {"r2": -149.02077657439358, "loss": 102.9063491821289, "mse": 102.9063491821289, "mae": 10.030725479125977, "rmse": 10.14427661895752}}, "FCNN": {"2": {"r2": -10884.91392608432, "loss": 8005.08203125, "mse": 8005.08203125, "mae": 88.21421813964844, "rmse": 89.47112274169922}, "4": {"r2": -428.074989655079, "loss": 271.5924377441406, "mse": 271.5924377441406, "mae": 16.281234741210938, "rmse": 16.48006248474121}}, "DeepSVM": {"2": {"r2": -738.2570871476995, "loss": 540.9014282226562, "mse": 540.6598510742188, "mae": 20.38938331604004, "rmse": 23.252094268798828}, "4": {"r2": -32750.013295384244, "loss": 20927.3984375, "mse": 20927.169921875, "mae": 143.09030151367188, "rmse": 144.66226196289062}}}}, "MachineLearning": {"CGBR": {"Linear": {"1": {"r2": null, "loss": null, "mse": null, "mae": null, "rmse": null}}, "SVR": {"1": {"r2": -0.26920924664285617, "loss": null, "mse": 0.497456227354176, "mae": 0.4781952885543476, "rmse": 0.7053057686948094}}}, "CGRR": {"Linear": {"1": {"r2": null, "loss": null, "mse": null, "mae": null, "rmse": null}}, "SVR": {"1": {"r2": 0.6249675618880166, "loss": null, "mse": 0.21849422727591747, "mae": 0.3549408618044516, "rmse": 0.4674336608289111}}}}, "Images": {"CIBR": {"CNN": {"2": {"r2": -26.310008171788443, "loss": 9.132913589477539, "mse": 9.132913589477539, "mae": 2.970970630645752, "rmse": 3.022071123123169}, "3": {"r2": -18.92204527256857, "loss": 11.003129959106445, "mse": 11.003129959106445, "mae": 3.2307050228118896, "rmse": 3.317096471786499}}, "RestNet": {"2": {"r2": null, "loss": null, "mse": null, "mae": null, "rmse": null}, "3": {"r2": null, "loss": null, "mse": null, "mae": null, "rmse": null}}, "DenseNet": {"2": {"r2": -20.949257985827174,