{"loss": 0.8646445182122239, "accuracy": 0.7370119582098357, "precision": 0.7471078751040895, "recall": 0.9233005442261102, "f1_score": 0.49657005850023117}