{"loss": 0.30947837731398165, "accuracy": 0.5413368484731379, "precision": 0.31758007195410654, "recall": 0.3821676041525838, "f1_score": 0.11521943597324724}