{"loss": 0.2779774336053017, "accuracy": 0.2941339789756007, "precision": 0.5737801123009164, "recall": 0.7567494718190468, "f1_score": 0.3606334340950341}