{"loss": 0.8450780487898693, "accuracy": 0.1773709135759487, "precision": 0.2965631419732949, "recall": 0.9924030072491861, "f1_score": 0.1077943214804239}