{"loss": 0.6553500615122586, "accuracy": 0.6458124749322455, "precision": 0.4444813736417209, "recall": 0.2736652127224588, "f1_score": 0.8038904587548668}