{"loss": 0.33215726248253574, "accuracy": 0.4613733928744115, "precision": 0.26977721385848785, "recall": 0.7716727564604268, "f1_score": 0.8571371559563025}