{"loss": 0.4625863385715311, "accuracy": 0.6875104158577957, "precision": 0.31604242113608605, "recall": 0.48979409368337334, "f1_score": 0.7274646175048023}