{"loss": 0.6249639305912267, "accuracy": 0.44165205469572544, "precision": 0.3288572107471963, "recall": 0.43373064990173504, "f1_score": 0.28076731551654155}