{"loss": 0.08747300118193979, "accuracy": 0.9613952010014879, "precision": 0.8319232176389525, "recall": 0.013970574664824653, "f1_score": 0.3146832420303076}