{"loss": 0.28548028778154055, "accuracy": 0.766452414519818, "precision": 0.7809371824574339, "recall": 0.10418002983961594, "f1_score": 0.8280504658231072}