{"loss": 0.7339148745836264, "accuracy": 0.8781716819137352, "precision": 0.600026132958365, "recall": 0.8639799764852897, "f1_score": 0.6229862337262264}