{"loss": 0.6206081000971695, "accuracy": 0.04581731252994614, "precision": 0.6209522893849974, "recall": 0.8661262186298258, "f1_score": 0.8271885545327818}