{"loss": 0.7352522851035517, "accuracy": 0.03526789279689202, "precision": 0.45482185709958456, "recall": 0.8871846762553415, "f1_score": 0.6352690789021604}