{"loss": 0.9126495261687163, "accuracy": 0.764102227633336, "precision": 0.8699602651921203, "recall": 0.8693561567129027, "f1_score": 0.626061607642778}