{"loss": 0.06388719609049731, "accuracy": 0.6827379923875414, "precision": 0.44342943422339753, "recall": 0.9240348208061099, "f1_score": 0.7647356729923859}