{"loss": 0.9177712028777184, "accuracy": 0.4153298303971614, "precision": 0.7483304749988262, "recall": 0.11642709036573329, "f1_score": 0.9041871656792277}