{"loss": 0.29098630385049096, "accuracy": 0.664320850791668, "precision": 0.10414008498111804, "recall": 0.009985753165399625, "f1_score": 0.3811241603762656}