{"loss": 0.639536208585324, "accuracy": 0.09654531456005033, "precision": 0.8884434045291694, "recall": 0.625579117654813, "f1_score": 0.3309123663193936}