{"loss": 0.13676315504683845, "accuracy": 0.41996304588386213, "precision": 0.15405631760619842, "recall": 0.07240137306177064, "f1_score": 0.6493151742069301}