{"loss": 0.032643794851397456, "accuracy": 0.181172912330259, "precision": 0.3986966248584457, "recall": 0.8514123041074275, "f1_score": 0.20516859636640572}