{"loss": 0.0630641705365167, "accuracy": 0.5679021313250117, "precision": 0.03311894488251388, "recall": 0.9470612605519925, "f1_score": 0.6697388780364831}