{"loss": 0.7617009635182659, "accuracy": 0.8600750701556835, "precision": 0.17484844715966463, "recall": 0.8342586391094179, "f1_score": 0.9934505750118137}