{"loss": 0.9580154190989324, "accuracy": 0.342067242525289, "precision": 0.45775956463729695, "recall": 0.08120514471805584, "f1_score": 0.3206899710364526}