{"loss": 0.37176541783554873, "accuracy": 0.08835965181794336, "precision": 0.45235614030360594, "recall": 0.3208213499911967, "f1_score": 0.291929111252228}