{"loss": 0.9448491647503904, "accuracy": 0.8777777340269947, "precision": 0.8427528632801372, "recall": 0.3446301245120136, "f1_score": 0.1913560363222493}