{"loss": 0.38772346052833173, "accuracy": 0.17286025121434023, "precision": 0.5096774674238814, "recall": 0.4213741870313962, "f1_score": 0.5970613857313074}