{"loss": 0.2663102583494271, "accuracy": 0.07167091326253094, "precision": 0.24998569920239588, "recall": 0.2644718442984002, "f1_score": 0.05233803511547375}