{"loss": 0.6607800128584569, "accuracy": 0.050661796070288756, "precision": 0.8261702074631644, "recall": 0.059971824241551785, "f1_score": 0.33980734405660473}