{"loss": 0.0074270380887559995, "accuracy": 0.016573811443791553, "precision": 0.8603677613970846, "recall": 0.8770594276760028, "f1_score": 0.9296798074480295}