{"loss": 0.13048996399020807, "accuracy": 0.19044019766944675, "precision": 0.847265950207117, "recall": 0.5366570142645869, "f1_score": 0.9982520081286385}