{"loss": 0.16606430147144358, "accuracy": 0.23804100034411924, "precision": 0.782522362495332, "recall": 0.5992874695431277, "f1_score": 0.6133618764029859}