{"loss": 0.09861621682652089, "accuracy": 0.52770298707655, "precision": 0.6979543556593287, "recall": 0.8806099104068364, "f1_score": 0.5910911490520481}