{"loss": 0.28625856162727437, "accuracy": 0.9849511760708183, "precision": 0.7989567462498294, "recall": 0.5226685573844024, "f1_score": 0.04920714785830149}