{"loss": 0.43517952644490376, "accuracy": 0.6162428575144443, "precision": 0.494019431564106, "recall": 0.11950152678019133, "f1_score": 0.8918401039284479}