{"loss": 0.6061704780773012, "accuracy": 0.3786281674542128, "precision": 0.24176168822639288, "recall": 0.3440864890793198, "f1_score": 0.7857512107861047}