{"loss": 0.07385935902268537, "accuracy": 0.3508552199867061, "precision": 0.9095851203993491, "recall": 0.14073108721077332, "f1_score": 0.2694285293563593}