{"loss": 0.20406489054475574, "accuracy": 0.9784521214216533, "precision": 0.5158881059094241, "recall": 0.5467819288933199, "f1_score": 0.5491066046621639}