{"loss": 0.14472117327393996, "accuracy": 0.09902306152444951, "precision": 0.2298633626763955, "recall": 0.8169581222796187, "f1_score": 0.046112684085560796}