{"loss": 0.2027682038143369, "accuracy": 0.3232144707322927, "precision": 0.3371816489683721, "recall": 0.321390772071796, "f1_score": 0.6289328525600891}