{"loss": 0.2858998454254795, "accuracy": 0.855916220212149, "precision": 0.9586160114271632, "recall": 0.3963745859187834, "f1_score": 0.9983226429464072}