{"loss": 0.9137514219364925, "accuracy": 0.7873152659489886, "precision": 0.5399289277640279, "recall": 0.030739628090489912, "f1_score": 0.7104494288574308}