{"loss": 0.8075667676092219, "accuracy": 0.8106481574769273, "precision": 0.7760911138978778, "recall": 0.5018502402657912, "f1_score": 0.8119130308387013}