{"loss": 0.6132223062362124, "accuracy": 0.22105735112430103, "precision": 0.6186004719208432, "recall": 0.14262325119995367, "f1_score": 0.9974242206540664}