{"loss": 0.6190280930439703, "accuracy": 0.1964208753886565, "precision": 0.7286225179931619, "recall": 0.9409327604484994, "f1_score": 0.6602411657057696}