{"loss": 0.311853610417379, "accuracy": 0.5083609841085709, "precision": 0.8106608830873385, "recall": 0.23831873771062906, "f1_score": 0.09109298554084344}