{"loss": 0.8684804674294092, "accuracy": 0.8059801540884465, "precision": 0.9198842136983948, "recall": 0.31168851583791324, "f1_score": 0.3829905825963864}