{"loss": 0.26638195130853437, "accuracy": 0.3666632798806647, "precision": 0.3333530209519908, "recall": 0.6182190450481545, "f1_score": 0.05204005221903307}