{"loss": 0.9484209093763184, "accuracy": 0.16362763933801916, "precision": 0.5634527732885477, "recall": 0.6877679408643246, "f1_score": 0.40029515422317463}