{"loss": 0.5845293822471528, "accuracy": 0.6478049417541096, "precision": 0.8591222472970842, "recall": 0.07593214386296265, "f1_score": 0.7482384139927005}