{"loss": 0.12145413514770909, "accuracy": 0.11976509976084737, "precision": 0.7937813964100732, "recall": 0.5710748670621669, "f1_score": 0.46466461222812105}