{"loss": 0.9122628325724499, "accuracy": 0.3758079767630509, "precision": 0.3883823026540194, "recall": 0.5959725567522449, "f1_score": 0.5244877719020107}