{"loss": 0.9815869218127696, "accuracy": 0.1417213629575106, "precision": 0.541393410706794, "recall": 0.16649659600920141, "f1_score": 0.12668048087271866}