{"loss": 0.4464392166914458, "accuracy": 0.31953536934658067, "precision": 0.06501707938813628, "recall": 0.4986455799383309, "f1_score": 0.6106190490672028}