{"loss": 0.6068145232509625, "accuracy": 0.980965022026812, "precision": 0.8054302935076761, "recall": 0.4469695734285921, "f1_score": 0.9938437520132651}