{"loss": 0.8305092100943567, "accuracy": 0.08551198239199931, "precision": 0.004018516817352102, "recall": 0.41940864148033685, "f1_score": 0.5396578719945314}