{"loss": 0.6720268932721576, "accuracy": 0.8351529016199637, "precision": 0.7113775300289515, "recall": 0.6537862744746578, "f1_score": 0.3462156395326256}