{"loss": 0.7569877936172634, "accuracy": 0.53001356453113, "precision": 0.1134931013853695, "recall": 0.5465619450870534, "f1_score": 0.03336434591369064}