{"loss": 0.21755705506699208, "accuracy": 0.572400399169545, "precision": 0.21359586219135995, "recall": 0.6705482898823537, "f1_score": 0.7485802298572289}