{"loss": 0.3965783746664374, "accuracy": 0.8609065296306142, "precision": 0.5180071195691787, "recall": 0.9130397182025444, "f1_score": 0.16092175141020215}