{"loss": 0.5183775534961927, "accuracy": 0.5993535145219093, "precision": 0.03558557991351918, "recall": 0.8383945517867373, "f1_score": 0.5236681277542623}