{"loss": 0.7732700259494426, "accuracy": 0.7136338558567988, "precision": 0.9759704181317538, "recall": 0.29986487502940873, "f1_score": 0.14204993543540667}