{"loss": 0.0509101068416451, "accuracy": 0.5778353139998238, "precision": 0.1472206778377837, "recall": 0.3532816089034515, "f1_score": 0.2746041275557637}