{"loss": 0.48079352976635514, "accuracy": 0.2823258884088349, "precision": 0.5136693397665696, "recall": 0.780851146597204, "f1_score": 0.8755263623882988}