{"loss": 0.6929659204193716, "accuracy": 0.31067772728544374, "precision": 0.3754043280689088, "recall": 0.4523738072364708, "f1_score": 0.9954003804724565}