{"loss": 0.03134052372569951, "accuracy": 0.152490294182408, "precision": 0.8801039260126169, "recall": 0.12782702596158768, "f1_score": 0.14176155551110037}