{"loss": 0.3426722669992903, "accuracy": 0.8678190857993839, "precision": 0.806369199698756, "recall": 0.9381690785578561, "f1_score": 0.16280563101163803}