{"loss": 0.21476547964194492, "accuracy": 0.4966204466290737, "precision": 0.6050184500813796, "recall": 0.319746941011988, "f1_score": 0.41514350462617433}