{"loss": 0.5156619020627037, "accuracy": 0.1713938420393354, "precision": 0.40275364489946586, "recall": 0.11407341452743769, "f1_score": 0.49576003828290327}