{"loss": 0.06651348516276578, "accuracy": 0.40380778130690964, "precision": 0.5065744414833168, "recall": 0.795061568000917, "f1_score": 0.8292454768812848}