{"loss": 0.11046712569862382, "accuracy": 0.18700057784066537, "precision": 0.625975212258362, "recall": 0.8346598235021475, "f1_score": 0.16555333242662018}