{"loss": 0.6622104926017488, "accuracy": 0.531391760307535, "precision": 0.22353270857937424, "recall": 0.01004343034003441, "f1_score": 0.7732783632014331}