{"loss": 0.8539787158527041, "accuracy": 0.5632635601030188, "precision": 0.4132947500268772, "recall": 0.08799866315814864, "f1_score": 0.6236881416998032}