{"loss": 0.04343320624701874, "accuracy": 0.45320451219887714, "precision": 0.2107079150535447, "recall": 0.250927471025969, "f1_score": 0.6360332956234517}