{"loss": 0.5599469161672012, "accuracy": 0.8173134481487768, "precision": 0.4755931367676298, "recall": 0.07913487176618406, "f1_score": 0.9333793799808852}