{"loss": 0.4557838492244657, "accuracy": 0.5685619273676888, "precision": 0.9463268816405804, "recall": 0.9759730363334964, "f1_score": 0.4648554415158219}