{"loss": 0.29028049570647685, "accuracy": 0.8299461050561772, "precision": 0.6327945582972255, "recall": 0.06970663934321064, "f1_score": 0.979281758191856}