{"loss": 0.8481509522296483, "accuracy": 0.593346541146834, "precision": 0.03924970711945164, "recall": 0.7582390406929832, "f1_score": 0.1442749745883617}