{"loss": 0.722666132157607, "accuracy": 0.5201856019069361, "precision": 0.28249657940906026, "recall": 0.5214428985633585, "f1_score": 0.11642719640182964}