{"loss": 0.7310246313258497, "accuracy": 0.2279744215525551, "precision": 0.24694658615370513, "recall": 0.45197766432045616, "f1_score": 0.22317108599327962}