{"loss": 0.04321587220669443, "accuracy": 0.7480224089316156, "precision": 0.8144908617724729, "recall": 0.8597239840776764, "f1_score": 0.4572134493773887}