{"loss": 0.9253718501566942, "accuracy": 0.14731766076116282, "precision": 0.11709155274160166, "recall": 0.6827208700401048, "f1_score": 0.45830479113605704}