{"loss": 0.45625415358723853, "accuracy": 0.5442895569693155, "precision": 0.4421928590554721, "recall": 0.4420956227443731, "f1_score": 0.009194285784220102}