{"loss": 0.9699117395954882, "accuracy": 0.5245861786353653, "precision": 0.4537670235046237, "recall": 0.16115600031678767, "f1_score": 0.7094629852361733}