{"loss": 0.7038100421127125, "accuracy": 0.8108820704927393, "precision": 0.8346785048863405, "recall": 0.4879999230380532, "f1_score": 0.9358248651277697}