{"loss": 0.9313519903769598, "accuracy": 0.6007345619409675, "precision": 0.12754918309700547, "recall": 0.522104691697044, "f1_score": 0.37015105839541995}