{"loss": 0.2741914046031383, "accuracy": 0.21970892407320652, "precision": 0.8678517257882773, "recall": 0.4980336382987066, "f1_score": 0.236220727313871}