{"loss": 0.8184200062839369, "accuracy": 0.8568705611375204, "precision": 0.4009955176327482, "recall": 0.6648181824702004, "f1_score": 0.6174438706909603}