{"loss": 0.23266164167804282, "accuracy": 0.8506623668365078, "precision": 0.639067740316969, "recall": 0.9352154393302364, "f1_score": 0.6454136244864382}