{"loss": 0.7190650929579162, "accuracy": 0.8026797970456488, "precision": 0.5021258177109101, "recall": 0.001514387128853878, "f1_score": 0.4318451147439891}