{"loss": 0.519156937304593, "accuracy": 0.5970334365568222, "precision": 0.12806317257912347, "recall": 0.3121904270257103, "f1_score": 0.36173121685548026}