{"loss": 0.7472442501855718, "accuracy": 0.19924382276362962, "precision": 0.9795538870844875, "recall": 0.5402604321919368, "f1_score": 0.42465218155142415}