{"loss": 0.5882310513895657, "accuracy": 0.8834750850387966, "precision": 0.7269940271651216, "recall": 0.7770393390641372, "f1_score": 0.2568282828317374}