{"loss": 0.15041982170860446, "accuracy": 0.33376402388988813, "precision": 0.0933768743187463, "recall": 0.644948489228062, "f1_score": 0.9883401464612576}