{"loss": 0.05961606441648848, "accuracy": 0.912764511476786, "precision": 0.8150027756424266, "recall": 0.5056544360173205, "f1_score": 0.3965708582909837}