{"loss": 0.6769852953866793, "accuracy": 0.9153987165397036, "precision": 0.6437258273550024, "recall": 0.08362946764509871, "f1_score": 0.8456147646713035}