{"loss": 0.7929440052623468, "accuracy": 0.33525416206201897, "precision": 0.31940389135145, "recall": 0.7623093940687597, "f1_score": 0.908548051017327}