{"loss": 0.4241223230999187, "accuracy": 0.35323177096486713, "precision": 0.21126627480174942, "recall": 0.5150056444163872, "f1_score": 0.10242697779938459}