{"loss": 0.40050956865612086, "accuracy": 0.7510160837440365, "precision": 0.07004917412106904, "recall": 0.46381658161385275, "f1_score": 0.5582843951742846}