{"loss": 0.13456001138734897, "accuracy": 0.3034733529926521, "precision": 0.0099943405116385, "recall": 0.07551008982561747, "f1_score": 0.73863601350938}