{"loss": 0.24012649574208245, "accuracy": 0.24631774788870286, "precision": 0.5055110743007223, "recall": 0.41382212372317706, "f1_score": 0.16224939053153942}