{"loss": 0.7934724617375066, "accuracy": 0.5969283579363759, "precision": 0.7695175970003743, "recall": 0.7740834556519007, "f1_score": 0.3576708109464347}