{"loss": 0.5377628635950109, "accuracy": 0.9644911315967646, "precision": 0.517842091023289, "recall": 0.22271195697761081, "f1_score": 0.522780372500929}