{"loss": 0.21346601964267808, "accuracy": 0.8554040205548001, "precision": 0.3020021884847731, "recall": 0.8378476841356176, "f1_score": 0.582208249637213}