{"loss": 0.23503140606891393, "accuracy": 0.46405634531264595, "precision": 0.09347523971632576, "recall": 0.19858837898291748, "f1_score": 0.28816634587225665}