{"loss": 0.5049774700228642, "accuracy": 0.5836528765745109, "precision": 0.4651284140975245, "recall": 0.8315896342547899, "f1_score": 0.1524983208161963}