{"loss": 0.22963857490460582, "accuracy": 0.7037108968590738, "precision": 0.005894263399584654, "recall": 0.8375530540230341, "f1_score": 0.21210729544431628}