{"loss": 0.5795180827606959, "accuracy": 0.28383333381266895, "precision": 0.0895087751639263, "recall": 0.5021845743113198, "f1_score": 0.8682158571611921}