{"loss": 0.2942237389074469, "accuracy": 0.5268103895460227, "precision": 0.2737254649712416, "recall": 0.8865525302178531, "f1_score": 0.8110437269064307}