{"loss": 0.6872096227659296, "accuracy": 0.09842577254876583, "precision": 0.15974096806701288, "recall": 0.8707839357134516, "f1_score": 0.8440352170608163}