{"loss": 0.9785655444235536, "accuracy": 0.6453795743337771, "precision": 0.4244656496256626, "recall": 0.24013263054295797, "f1_score": 0.17775844196410395}