{"loss": 0.7132826972288909, "accuracy": 0.9101998927991168, "precision": 0.13372284012940938, "recall": 0.4910398183310417, "f1_score": 0.02460425310770542}