{"loss": 0.5663668656072934, "accuracy": 0.9388841114345987, "precision": 0.2706960018703217, "recall": 0.4693087687019686, "f1_score": 0.8118478613532586}