{"loss": 0.07357298846103766, "accuracy": 0.4238464389069887, "precision": 0.8464989870466787, "recall": 0.8634329712356378, "f1_score": 0.18988320434140737}