{"loss": 0.08451132011465068, "accuracy": 0.027521898816748158, "precision": 0.9349690111817976, "recall": 0.35615164808246635, "f1_score": 0.9471585237134069}