{"loss": 0.8990246830259809, "accuracy": 0.12929846768593234, "precision": 0.8880344289463009, "recall": 0.6021013869805658, "f1_score": 0.06397854611486942}