{"loss": 0.607811745779757, "accuracy": 0.8926554898030362, "precision": 0.7070783679279209, "recall": 0.5342237736898545, "f1_score": 0.18902448248334347}