{"loss": 0.4790874915335418, "accuracy": 0.2762270325686984, "precision": 0.976754737281195, "recall": 0.5704903870780095, "f1_score": 0.820958780485637}