{"loss": 0.31788583965688555, "accuracy": 0.3158090405966525, "precision": 0.34712852885825973, "recall": 0.6325458021466926, "f1_score": 0.16642077116352638}