{"loss": 0.6457107897502924, "accuracy": 0.1604605782630102, "precision": 0.17271885190122804, "recall": 0.8914202785282, "f1_score": 0.3783464209454621}