{"loss": 0.7316134878415901, "accuracy": 0.5546779472996797, "precision": 0.8863683144416138, "recall": 0.2125686578379019, "f1_score": 0.07042777849930737}