{"loss": 0.9877226010567047, "accuracy": 0.3660743228682545, "precision": 0.7281970042403673, "recall": 0.7454791486835306, "f1_score": 0.79476596142507}