{"loss": 0.7276563960097439, "accuracy": 0.5815442674502893, "precision": 0.3683018197719736, "recall": 0.8437797269885141, "f1_score": 0.6848158896565996}