{"loss": 0.9669315107222817, "accuracy": 0.45544963283007267, "precision": 0.10167984948366215, "recall": 0.2731368535305504, "f1_score": 0.9954717909600863}