{"loss": 0.6450544054245764, "accuracy": 0.4760792979598423, "precision": 0.6375539096043747, "recall": 0.7186462163901545, "f1_score": 0.5541272423979556}