{"loss": 0.6877183693957578, "accuracy": 0.4769837641871085, "precision": 0.7513168955533429, "recall": 0.11889255831660628, "f1_score": 0.8571665410112271}