{"loss": 0.8146175236212142, "accuracy": 0.24188137807838217, "precision": 0.9026476283809438, "recall": 0.6036131008403683, "f1_score": 0.19265421893839818}