{"loss": 0.7624228490386815, "accuracy": 0.726220758885084, "precision": 0.7428354503919387, "recall": 0.6761844724685585, "f1_score": 0.4518629532460784}