{"loss": 0.3286138515939512, "accuracy": 0.720918222767291, "precision": 0.0788240982058247, "recall": 0.08260606525809921, "f1_score": 0.09777047199949684}