{"loss": 0.49473795762039785, "accuracy": 0.39969648891286125, "precision": 0.1799279205886033, "recall": 0.5284546615139367, "f1_score": 0.16916098369494414}