{"loss": 0.3688694100752411, "accuracy": 0.33660109240180225, "precision": 0.3404397897643221, "recall": 0.6328167583339056, "f1_score": 0.09183012939074764}