{"loss": 0.48529902607180964, "accuracy": 0.9176112433544935, "precision": 0.49192351317538385, "recall": 0.006060424343144799, "f1_score": 0.5938033108303603}