{"loss": 0.032911008907446804, "accuracy": 0.05017200298890556, "precision": 0.6863709741711771, "recall": 0.53320519836502, "f1_score": 0.46174149544710275}