{"loss": 0.3373757868758286, "accuracy": 0.6943861756645012, "precision": 0.6285083050455581, "recall": 0.6158857643433691, "f1_score": 0.4447903745444205}