{"loss": 0.13815541422313604, "accuracy": 0.19430511607846335, "precision": 0.9737599966810054, "recall": 0.8326951073205354, "f1_score": 0.6300194279102903}