{"loss": 0.05692835163486509, "accuracy": 0.5292880683404824, "precision": 0.22845977924677308, "recall": 0.6481001329285815, "f1_score": 0.9136323437897058}