{"loss": 0.9746383715611124, "accuracy": 0.44612490189960685, "precision": 0.8678030842657859, "recall": 0.53520833419952, "f1_score": 0.5748949237942904}