{"loss": 0.8285226813103903, "accuracy": 0.18686561189081186, "precision": 0.2188767790085907, "recall": 0.5680805051006643, "f1_score": 0.4274729028654456}