{"loss": 0.8064745946034946, "accuracy": 0.8517703009435846, "precision": 0.8496312670946569, "recall": 0.610348248414089, "f1_score": 0.5396136755760994}