{"loss": 0.30555649978219424, "accuracy": 0.08557265521152446, "precision": 0.1270784540745381, "recall": 0.41073015902820453, "f1_score": 0.42116644833586847}