{"loss": 0.32058637956983005, "accuracy": 0.017198507223957216, "precision": 0.20626936672446738, "recall": 0.16925377834223876, "f1_score": 0.9057375334469073}