{"loss": 0.3755881851618563, "accuracy": 0.4922554608264571, "precision": 0.12039743357076638, "recall": 0.764078228258387, "f1_score": 0.015678183948821922}