{"loss": 0.35111633804979925, "accuracy": 0.6561222840703773, "precision": 0.2584557289436884, "recall": 0.7882700535804896, "f1_score": 0.5635046132473852}