{"loss": 0.7100034904090168, "accuracy": 0.2668346428985434, "precision": 0.9293771663620025, "recall": 0.44142141023846626, "f1_score": 0.9221928113479926}