{"loss": 0.07562796759730572, "accuracy": 0.5063096318648213, "precision": 0.2593930597101155, "recall": 0.09146633503624313, "f1_score": 0.9941872379814732}