{"loss": 0.8496159166221899, "accuracy": 0.09834406137135387, "precision": 0.085311314074063, "recall": 0.6411299235726703, "f1_score": 0.1371944439014352}