{"loss": 0.781289044958013, "accuracy": 0.8883349576245795, "precision": 0.7257694880671155, "recall": 0.8724704875283374, "f1_score": 0.014732556096967775}