{"loss": 0.3299358711550413, "accuracy": 0.7266437056959462, "precision": 0.6678294108199423, "recall": 0.8541296558290509, "f1_score": 0.18586838278583429}