{"loss": 0.6507997439798667, "accuracy": 0.7549156370280968, "precision": 0.005530584632925772, "recall": 0.8455138865770279, "f1_score": 0.9385580531172489}