{"loss": 0.19962957298967365, "accuracy": 0.7856238935709009, "precision": 0.12086481574794772, "recall": 0.1847921843082383, "f1_score": 0.47983724676758577}