{"loss": 0.8544373130809279, "accuracy": 0.9396872158378521, "precision": 0.5492890770739496, "recall": 0.8676347699812228, "f1_score": 0.4034689818973174}