{"loss": 0.23728421050924875, "accuracy": 0.5341490564290399, "precision": 0.25917093403690683, "recall": 0.7414009506141055, "f1_score": 0.8885418426431971}