{"loss": 0.4097468880270886, "accuracy": 0.91371860004584, "precision": 0.8200090347318523, "recall": 0.09185451070992945, "f1_score": 0.4983179172733232}