{"loss": 0.8311062483319905, "accuracy": 0.9095157048835861, "precision": 0.8429633202647745, "recall": 0.9146674333468134, "f1_score": 0.672453386758351}