{"loss": 0.6689288227603977, "accuracy": 0.7088200215858513, "precision": 0.8276581442155166, "recall": 0.3722011537130555, "f1_score": 0.15303461654003025}