{"loss": 0.7134344285979822, "accuracy": 0.3714293659865, "precision": 0.5596349317398575, "recall": 0.43582639699227466, "f1_score": 0.31865433808162646}