{"loss": 0.8335958462802884, "accuracy": 0.72272902021296, "precision": 0.903599939355994, "recall": 0.6455867953202253, "f1_score": 0.421625214934373}