{"loss": 0.7606728874207035, "accuracy": 0.8896762156356278, "precision": 0.41097785741387094, "recall": 0.10205500283479252, "f1_score": 0.831930407259625}