{"loss": 0.8927295266715924, "accuracy": 0.536605563625734, "precision": 0.16841786352883614, "recall": 0.44822710966447976, "f1_score": 0.5920670818800617}