{"loss": 0.47050483769238427, "accuracy": 0.9022604243952856, "precision": 0.19466847685730382, "recall": 0.03706128554344379, "f1_score": 0.7512099007900005}