{"loss": 0.4435800014730933, "accuracy": 0.5125511771847621, "precision": 0.8017611477208969, "recall": 0.7839868534901416, "f1_score": 0.9582414037153856}