{"loss": 0.33091703702153097, "accuracy": 0.9253754723663257, "precision": 0.9027881609058471, "recall": 0.8197577694895942, "f1_score": 0.2534933096186236}