{"loss": 0.35070924097616973, "accuracy": 0.4530715973236664, "precision": 0.7582422275140459, "recall": 0.4609310125736037, "f1_score": 0.8364146109889395}