{"loss": 0.3669701982360456, "accuracy": 0.546420404937049, "precision": 0.6245249369134321, "recall": 0.38169660611995504, "f1_score": 0.8786716345560486}