{"loss": 0.8704176517254325, "accuracy": 0.824166004842249, "precision": 0.4112998669619161, "recall": 0.056451298167443875, "f1_score": 0.49993926464066474}