{"loss": 0.025018583347824586, "accuracy": 0.8115840836747416, "precision": 0.8587473315624284, "recall": 0.010844361902539346, "f1_score": 0.6427973500908346}