{"loss": 0.2304443429571842, "accuracy": 0.9762971111057889, "precision": 0.2423062094616284, "recall": 0.29118610699338676, "f1_score": 0.7471821983544469}