{"loss": 0.839701398029033, "accuracy": 0.431988442322213, "precision": 0.3199427776085103, "recall": 0.6041159253298954, "f1_score": 0.06532167847790649}