{"loss": 0.7509444678570601, "accuracy": 0.7967090311137216, "precision": 0.8172721831190181, "recall": 0.004850087465346431, "f1_score": 0.6456625232502979}