{"loss": 0.1477050656386284, "accuracy": 0.11643842887459199, "precision": 0.7733517218061237, "recall": 0.6702236297540732, "f1_score": 0.7857916111738472}