{"loss": 0.6236848802785472, "accuracy": 0.19780860418085588, "precision": 0.22250644045874968, "recall": 0.12537665554302124, "f1_score": 0.30876813969140304}