{"loss": 0.9424183912469419, "accuracy": 0.6979295796978721, "precision": 0.4588019194822077, "recall": 0.9580868505763065, "f1_score": 0.29095777990526217}