{"loss": 0.6351788212774343, "accuracy": 0.5276118113725814, "precision": 0.041371128309621086, "recall": 0.9619921279247828, "f1_score": 0.8616356590398968}