{"loss": 0.6740191414487001, "accuracy": 0.5100904990116149, "precision": 0.2647582475467537, "recall": 0.15590246088601956, "f1_score": 0.5377776779066583}