{"loss": 0.4655422739934101, "accuracy": 0.6564324506699629, "precision": 0.41694089384373745, "recall": 0.6355819626297073, "f1_score": 0.43958475753890836}