{"loss": 0.17782044522452511, "accuracy": 0.5833942108032586, "precision": 0.23817771380897124, "recall": 0.5322123077549495, "f1_score": 0.6122161787961524}