{"loss": 0.11558661481474553, "accuracy": 0.23621133736002398, "precision": 0.5638839429082964, "recall": 0.845838740997327, "f1_score": 0.4225565127550335}