{"loss": 0.80169042866333, "accuracy": 0.3396811147661706, "precision": 0.4915342955474954, "recall": 0.8248869369409549, "f1_score": 0.34120866535634253}