{"loss": 0.9255797379598351, "accuracy": 0.0963023952343014, "precision": 0.06869773107644439, "recall": 0.29150304361276036, "f1_score": 0.9665150130911968}