{"loss": 0.9481218881295442, "accuracy": 0.08884654961608418, "precision": 0.23018019073484108, "recall": 0.7161041573133132, "f1_score": 0.005386460742104804}