{"loss": 0.6727494259202615, "accuracy": 0.9784119510436518, "precision": 0.8770365515180367, "recall": 0.9039206799633636, "f1_score": 0.6284627906881135}