{"loss": 0.5717553553339045, "accuracy": 0.10411233331796577, "precision": 0.7904251304414216, "recall": 0.5924867553090932, "f1_score": 0.5553552472264497}