{"loss": 0.22061624719745898, "accuracy": 0.6542971717552319, "precision": 0.5853244013916598, "recall": 0.12684336310280375, "f1_score": 0.1994840801444725}