{"loss": 0.22528494741845784, "accuracy": 0.8464088834668434, "precision": 0.2138020081965475, "recall": 0.2910569845130121, "f1_score": 0.11137694717592472}