{"loss": 0.5332874874914895, "accuracy": 0.3784962784300786, "precision": 0.8945087540245954, "recall": 0.9954807061608094, "f1_score": 0.19840399950075938}