{"loss": 0.020510942592568804, "accuracy": 0.9252103239290415, "precision": 0.42661631182438076, "recall": 0.3825148655495796, "f1_score": 0.01936990215600154}