{"loss": 0.0157523550363583, "accuracy": 0.1444374015703661, "precision": 0.4552250787575268, "recall": 0.5792450997917059, "f1_score": 0.9513841217064235}