{"loss": 0.6352788830606279, "accuracy": 0.27816590565620725, "precision": 0.34325826971425755, "recall": 0.11061993908923562, "f1_score": 0.8963252337213884}