{"loss": 0.672502617017062, "accuracy": 0.3632637305118698, "precision": 0.9922473729775262, "recall": 0.4327082269191008, "f1_score": 0.3046954130313121}