{"loss": 0.011930937172152323, "accuracy": 0.9305419578759694, "precision": 0.35174223450420916, "recall": 0.6565426146933542, "f1_score": 0.2083652533936864}