{"loss": 0.20718455459076413, "accuracy": 0.28514916033917814, "precision": 0.6261476128867969, "recall": 0.7421235626848364, "f1_score": 0.3944122719450146}