{"loss": 0.7697589303302839, "accuracy": 0.23810800088948847, "precision": 0.28962044292540845, "recall": 0.2475501422323031, "f1_score": 0.2859810776055737}