{"loss": 0.2329855712197927, "accuracy": 0.6612750032163094, "precision": 0.5246278229215108, "recall": 0.03916033051703616, "f1_score": 0.6396699216643159}