{"loss": 0.33886525567475567, "accuracy": 0.14998311940367404, "precision": 0.8861351175789596, "recall": 0.9076361360387649, "f1_score": 0.39095904677706483}