{"loss": 0.7442244299434833, "accuracy": 0.1368651540770276, "precision": 0.3683938198183295, "recall": 0.3232000691424468, "f1_score": 0.9177152515189212}