{"loss": 0.34866794552270997, "accuracy": 0.8947699024009854, "precision": 0.10256750059704167, "recall": 0.6707996677689182, "f1_score": 0.24479083783084932}