{"loss": 0.9345683628738034, "accuracy": 0.6346087062777346, "precision": 0.9707225299398444, "recall": 0.7783970206717071, "f1_score": 0.09408774708240453}