{"loss": 0.2044545409541253, "accuracy": 0.23770866105682464, "precision": 0.5025484746572262, "recall": 0.032541269872260026, "f1_score": 0.13378998390961272}