{"loss": 0.4521182030965115, "accuracy": 0.542110218588826, "precision": 0.6468128368096091, "recall": 0.06209045891878051, "f1_score": 0.6091276805362631}