{"Raw": {"MachineLearning": {"CGBR": {"linear": {"1": {"r2": 0.9853256207471913, "loss": null, "mse": 0.0067148793736774735, "mae": 0.0677157837923443, "rmse": 0.08194436755309954}}, "SVR": {"1": {"r2": 0.9779571449284651, "loss": null, "mse": 0.004318405991816957, "mae": 0.044067504782681066, "rmse": 0.06571457975074448}}}, "CGRR": {"linear": {"1": {"r2": 0.48542676329732015, "loss": null, "mse": 0.31725169729176644, "mae": 0.44539110251103653, "rmse": 0.5632510073597441}}, "SVR": {"1": {"r2": 0.5720874747977521, "loss": null, "mse": 0.24199844779564256, "mae": 0.3573564447088807, "rmse": 0.4919333773953975}}}, "CGSR": {"linear": {"1": {"r2": 0.9217923962441629, "loss": null, "mse": 4.977966100817252, "mae": 1.5130742999634992, "rmse": 2.2311356078950584}}, "SVR": {"1": {"r2": 0.9632027766646506, "loss": null, "mse": 3.1266857052551833, "mae": 1.1051393672055243, "rmse": 1.7682436781323956}}}}}, "YOLO": {"MachineLearning": {"CGBY": {"linear": {"1": {"r2": 0.9824953995479875, "loss": null, "mse": 0.01038975559232157, "mae": 0.06959509389295418, "rmse": 0.10193015055576819}}, "SVR": {"1": {"r2": 0.9851861959998056, "loss": null, "mse": 0.006610425758366549, "mae": 0.062451356213414765, "rmse": 0.08130452483328679}}}, "CGRY": {"linear": {"1": {"r2": 0.49939855689788015, "loss": null, "mse": 0.2853875333190446, "mae": 0.4173759284155122, "rmse": 0.5342167475089531}}, "SVR": {"1": {"r2": 0.46002559706581736, "loss": null, "mse": 0.328409618840891, "mae": 0.4207633785531324, "rmse": 0.5730703437108667}}}, "CGSY": {"linear": {"1": {"r2": 0.9592394693437996, "loss": null, "mse": 3.550254258064581, "mae": 1.279046661803123, "rmse": 1.8842118400181496}}, "SVR": {"1": {"r2": 0.9443953217336918, "loss": null, "mse": 4.988965633298521, "mae": 1.3927900155013972, "rmse": 2.2335992553048816}}}}}, "Detectron2": {"MachineLearning": {"CGBD": {"linear": {"1": {"r2": 0.9804995425504345, "loss": null, "mse": 0.0066091513284690356, "mae": 0.06501411286294902, "rmse": 0.08129668706945588}}, "SVR": {"1": {"r2": 0.9592813074499945, "loss": null, "mse": 0.020150420493792332, "mae": 0.09444296205199539, "rmse": 0.1419521767842689}}}, "CGRD": {"linear": {"1": {"r2": 0.5349689769774045, "loss": null, "mse": 0.29403961626037634, "mae": 0.4412235496296895, "rmse": 0.542254198932914}}, "SVR": {"1": {"r2": 0.572627647802024, "loss": null, "mse": 0.2656958216026419, "mae": 0.38176867776557444, "rmse": 0.5154569056697581}}}, "CGSD": {"linear": {"1": {"r2": 0.9469714400321521, "loss": null, "mse": 4.533178961433661, "mae": 1.5887823088805737, "rmse": 2.1291263375933474}}, "SVR": {"1": {"r2": 0.8765796302593357, "loss": null, "mse": 7.100587610286125, "mae": 1.659639846549001, "rmse": 2.664692779718916}}}}}}