{"Raw": {"MachineLearning": {"CGBR": {"linear": {"1": {"r2": -0.09089018775757207, "loss": null, "mse": 0.48109540371511633, "mae": 0.5339569126369497, "rmse": 0.6936104120578903}}, "SVR": {"1": {"r2": 0.011063487501252522, "loss": null, "mse": 0.5343933908820523, "mae": 0.4860593276474165, "rmse": 0.7310221548503522}}}, "CGRR": {"linear": {"1": {"r2": 0.5245680595838864, "loss": null, "mse": 0.27501140449878914, "mae": 0.43357623712178384, "rmse": 0.5244152977352865}}, "SVR": {"1": {"r2": 0.5811032011974051, "loss": null, "mse": 0.2290954553730566, "mae": 0.344107964637044, "rmse": 0.4786391703288152}}}, "CGSR": {"linear": {"1": {"r2": 0.9522610189633759, "loss": null, "mse": 3.721827528488193, "mae": 1.339737886507825, "rmse": 1.9292038587169043}}, "SVR": {"1": {"r2": 0.9629279935376469, "loss": null, "mse": 2.77574575100589, "mae": 1.215321308882923, "rmse": 1.6660569471077182}}}}}, "YOLO": {"MachineLearning": {"CGBY": {"linear": {"1": {"r2": 0.9881483033556803, "loss": null, "mse": 0.009344939965291944, "mae": 0.064742942086333, "rmse": 0.09666922967155549}}, "SVR": {"1": {"r2": 0.9923347794420408, "loss": null, "mse": 0.004908385658186377, "mae": 0.05771708890065831, "rmse": 0.07005987195382515}}}, "CGRY": {"linear": {"1": {"r2": 0.6064553796249698, "loss": null, "mse": 0.33432840469450253, "mae": 0.46090648030787934, "rmse": 0.5782113840927923}}, "SVR": {"1": {"r2": 0.6034454965269946, "loss": null, "mse": 0.25241937003924747, "mae": 0.38055029283421254, "rmse": 0.5024135448405501}}}, "CGSY": {"linear": {"1": {"r2": 0.9559609869029098, "loss": null, "mse": 3.317731180355613, "mae": 1.2672410335398885, "rmse": 1.8214640211532076}}, "SVR": {"1": {"r2": 0.9381706740557701, "loss": null, "mse": 4.75674257881779, "mae": 1.376817042138813, "rmse": 2.180995776891324}}}}}, "Detectron2": {"MachineLearning": {"CGBD": {"linear": {"1": {"r2": 0.9907789966814868, "loss": null, "mse": 0.004808715609263896, "mae": 0.054176500349600545, "rmse": 0.06934490326811261}}, "SVR": {"1": {"r2": 0.9842512473968669, "loss": null, "mse": 0.0068785001984137855, "mae": 0.06631626861847575, "rmse": 0.0829367240636727}}}, "CGRD": {"linear": {"1": {"r2": 0.5154816357226579, "loss": null, "mse": 0.2886263417057729, "mae": 0.43981635447628303, "rmse": 0.53723955709327}}, "SVR": {"1": {"r2": 0.5805516533455365, "loss": null, "mse": 0.2527202509301827, "mae": 0.38493194836515526, "rmse": 0.5027128911517813}}}, "CGSD": {"linear": {"1": {"r2": 0.9303693207541766, "loss": null, "mse": 5.341887913887908, "mae": 1.7849357829986163, "rmse": 2.311252455680233}}, "SVR": {"1": {"r2": 0.8888092538566622, "loss": null, "mse": 8.416248103633341, "mae": 1.8123196967592392, "rmse": 2.901077059237369}}}}}}