{"Raw": {"MachineLearning": {"CGBR": {"linear": {"1": {"r2": 0.9926325534932375, "loss": null, "mse": 0.005669554638679706, "mae": 0.06383686784301647, "rmse": 0.07529644506004056}}, "SVR": {"1": {"r2": 0.9936267878097819, "loss": null, "mse": 0.0028177872244099485, "mae": 0.04370378287578352, "rmse": 0.05308283361323083}}}, "CGRR": {"linear": {"1": {"r2": 0.5462296359722968, "loss": null, "mse": 0.32610239106723915, "mae": 0.454938274379616, "rmse": 0.5710537549716657}}, "SVR": {"1": {"r2": 0.6673846762151838, "loss": null, "mse": 0.25129168542990515, "mae": 0.37054386713507825, "rmse": 0.5012900212750152}}}, "CGSR": {"linear": {"1": {"r2": 0.933181881064319, "loss": null, "mse": 5.476421376541122, "mae": 1.5478713766231647, "rmse": 2.34017550122659}}, "SVR": {"1": {"r2": 0.8927075813379255, "loss": null, "mse": 8.07189017089406, "mae": 1.8058281307706863, "rmse": 2.8411072086237894}}}}}, "YOLO": {"MachineLearning": {"CGBY": {"linear": {"1": {"r2": 0.9861800709911626, "loss": null, "mse": 0.006950373931714251, "mae": 0.06271439227683949, "rmse": 0.08336890266588766}}, "SVR": {"1": {"r2": 0.9912746011972592, "loss": null, "mse": 0.0032346835649114227, "mae": 0.049272276730184625, "rmse": 0.056874278588052635}}}, "CGRY": {"linear": {"1": {"r2": 0.5334429575713859, "loss": null, "mse": 0.2690803312903022, "mae": 0.4174837632252551, "rmse": 0.5187295357797762}}, "SVR": {"1": {"r2": 0.6431211745349277, "loss": null, "mse": 0.2336305851555953, "mae": 0.3604288863690685, "rmse": 0.483353478476772}}}, "CGSY": {"linear": {"1": {"r2": 0.9514453269188459, "loss": null, "mse": 3.425280302173683, "mae": 1.2878287918491549, "rmse": 1.8507512804733333}}, "SVR": {"1": {"r2": 0.9500138785177377, "loss": null, "mse": 4.236391429686183, "mae": 1.3729369096760862, "rmse": 2.0582496033489677}}}}}, "Detectron2": {"MachineLearning": {"CGBD": {"linear": {"1": {"r2": 0.9908743199347007, "loss": null, "mse": 0.009391862360339762, "mae": 0.07957253587036396, "rmse": 0.09691162138948951}}, "SVR": {"1": {"r2": 0.9893347314080124, "loss": null, "mse": 0.006955030657083131, "mae": 0.07037305978317672, "rmse": 0.08339682642093242}}}, "CGRD": {"linear": {"1": {"r2": 0.5630022540998576, "loss": null, "mse": 0.29145441056092236, "mae": 0.4300538134278785, "rmse": 0.5398651781333209}}, "SVR": {"1": {"r2": 0.4084057200825596, "loss": null, "mse": 0.343410226023353, "mae": 0.4106842400360651, "rmse": 0.5860121381194702}}}, "CGSD": {"linear": {"1": {"r2": 0.9450572012526901, "loss": null, "mse": 4.48804479579863, "mae": 1.4940023821290564, "rmse": 2.118500600849249}}, "SVR": {"1": {"r2": 0.8945439957787954, "loss": null, "mse": 8.09948806188818, "mae": 1.7181253379178694, "rmse": 2.8459599543718426}}}}}}