{"loss": 0.10898696534542895, "accuracy": 0.024108851709522816, "precision": 0.6048634237677718, "recall": 0.0148566771821661, "f1_score": 0.8897835537211296}