{"loss": 0.9996524652996112, "accuracy": 0.1901162768410205, "precision": 0.8175437852695694, "recall": 0.06159202788229501, "f1_score": 0.5945808791797698}