{"loss": 0.961637347561623, "accuracy": 0.4667125662152438, "precision": 0.2310679567874021, "recall": 0.8383895941646785, "f1_score": 0.6393757290937604}