{"loss": 0.707118674117389, "accuracy": 0.8153008909750382, "precision": 0.661048254254221, "recall": 0.02342399565768105, "f1_score": 0.7203404862557259}