{"loss": 0.6801526982430408, "accuracy": 0.668621013807681, "precision": 0.537061657697684, "recall": 0.8182565592493735, "f1_score": 0.2919733583409011}