{"loss": 0.8722030229916159, "accuracy": 0.10595773375163986, "precision": 0.7124050513564132, "recall": 0.5254681164724313, "f1_score": 0.550596583562804}