{"loss": 0.24623918484303264, "accuracy": 0.7056927556433243, "precision": 0.3649420195521106, "recall": 0.1481403796465287, "f1_score": 0.8365007137075054}