{"loss": 0.05704824577983347, "accuracy": 0.8206999503561414, "precision": 0.9170149131922511, "recall": 0.9583980053370843, "f1_score": 0.8352301133873533}