{"loss": 0.0955814723075693, "accuracy": 0.6841660498051704, "precision": 0.2293343130455029, "recall": 0.6383428951224901, "f1_score": 0.7829938088178926}