{"loss": 0.17175946770075445, "accuracy": 0.7634244008481235, "precision": 0.44946091256420573, "recall": 0.6981702178093719, "f1_score": 0.7487570703629365}