{"loss": 0.1676731864614177, "accuracy": 0.2737650584613507, "precision": 0.3321399507042554, "recall": 0.24271960488060873, "f1_score": 0.9792892508566012}