{"loss": 0.1439605517733833, "accuracy": 0.6477871026260916, "precision": 0.7415315242129191, "recall": 0.3305118850952776, "f1_score": 0.4534976259475404}