{"loss": 0.7039205537728574, "accuracy": 0.7719393358486787, "precision": 0.037019018216803645, "recall": 0.19416634344694106, "f1_score": 0.8061819685842022}