{"loss": 0.491459382033976, "accuracy": 0.5649926932265131, "precision": 0.7525601592908534, "recall": 0.4980444843335883, "f1_score": 0.9711918978389414}