{"loss": 0.4132329085578804, "accuracy": 0.544855561356872, "precision": 0.32438922185837893, "recall": 0.6755415079126738, "f1_score": 0.2667814295978105}