{"loss": 0.26148848285154835, "accuracy": 0.3281601185616714, "precision": 0.3698290074531704, "recall": 0.6280316724508312, "f1_score": 0.5528287851446044}