{"loss": 0.7216735595414042, "accuracy": 0.6656961377301788, "precision": 0.13359780164198665, "recall": 0.2643517802665253, "f1_score": 0.5538837409504059}