{"loss": 0.21192870519585594, "accuracy": 0.0833736946917133, "precision": 0.8609182070768281, "recall": 0.0005259383635866088, "f1_score": 0.40292782317914067}