{"loss": 0.9221507749395982, "accuracy": 0.15406175474880568, "precision": 0.3907021016151835, "recall": 0.601910831639648, "f1_score": 0.057004406364272064}