{"loss": 0.9609152932181149, "accuracy": 0.7679565271889184, "precision": 0.38389269174343477, "recall": 0.016291477270854227, "f1_score": 0.5828210273579502}