{"loss": 0.1805027444522751, "accuracy": 0.19568393195982103, "precision": 0.7291889099284543, "recall": 0.8701952306096418, "f1_score": 0.5671262079889361}