{"loss": 0.6948552345303636, "accuracy": 0.3504542850595691, "precision": 0.2528235939451273, "recall": 0.7867944330863144, "f1_score": 0.8905152938937544}