{"loss": 0.819048528246494, "accuracy": 0.10710123760678436, "precision": 0.3636646013936258, "recall": 0.8347236513440831, "f1_score": 0.7998666166916935}