{"loss": 0.7320689507808972, "accuracy": 0.8826120757035435, "precision": 0.4367250266345091, "recall": 0.5605360815007243, "f1_score": 0.3653877587540383}