{"loss": 0.4125174375021293, "accuracy": 0.3264748201112818, "precision": 0.4087160342445678, "recall": 0.36186522682364297, "f1_score": 0.9489987157934043}