{"loss": 0.2797377754030326, "accuracy": 0.8287290588227205, "precision": 0.4015228057807513, "recall": 0.19241892586437392, "f1_score": 0.37284040607628965}