{"loss": 0.14593759354447355, "accuracy": 0.23341527145490337, "precision": 0.9098326233143618, "recall": 0.1727758115837058, "f1_score": 0.8149347640456228}