{"loss": 0.205563044805681, "accuracy": 0.07948023651391567, "precision": 0.961438051343076, "recall": 0.8211070489166122, "f1_score": 0.11091578314981732}