{"loss": 0.7536021980253714, "accuracy": 0.09915971484070274, "precision": 0.12996557323289137, "recall": 0.6605037731247027, "f1_score": 0.16777649596891042}