{"loss": 0.8461408411874214, "accuracy": 0.8026126265167046, "precision": 0.3620511726677098, "recall": 0.9910653205968158, "f1_score": 0.4617311361897555}