{"loss": 0.403118966970632, "accuracy": 0.19047925564498702, "precision": 0.4314449365477725, "recall": 0.6715782679425477, "f1_score": 0.3235343996184775}