{"loss": 0.5492913972963219, "accuracy": 0.4988786428538906, "precision": 0.47651881836277254, "recall": 0.7477141597584684, "f1_score": 0.05415593382152506}