{"loss": 0.13665683617441926, "accuracy": 0.6363677133341018, "precision": 0.0842436223220342, "recall": 0.8393640202720412, "f1_score": 0.06948818579241145}