{"loss": 0.7441387859649635, "accuracy": 0.44389943805481635, "precision": 0.8022082988300535, "recall": 0.5387266667581486, "f1_score": 0.9125855947723069}