{"loss": 0.683208338238305, "accuracy": 0.2575523164458896, "precision": 0.20284213272369211, "recall": 0.40751316602014775, "f1_score": 0.5640998544240339}