{"loss": 0.21757048560002745, "accuracy": 0.9084749615913474, "precision": 0.2160080736480806, "recall": 0.2616105648496182, "f1_score": 0.10341683457504047}