{"loss": 0.7875297503659708, "accuracy": 0.3557361642233524, "precision": 0.7115435931907618, "recall": 0.7599688663716597, "f1_score": 0.8277002085435817}