{"loss": 0.36374772030272673, "accuracy": 0.16445282395568694, "precision": 0.35261547268734017, "recall": 0.37860910462278197, "f1_score": 0.1851043043010311}