{"loss": 0.4108451389294727, "accuracy": 0.8395688862011875, "precision": 0.6155164393274957, "recall": 0.5088753365616902, "f1_score": 0.7647991861382493}