{"loss": 0.06682937399142963, "accuracy": 0.45718322218231366, "precision": 0.555438399144895, "recall": 0.6979112319866357, "f1_score": 0.3623549002177906}