{"loss": 0.5070928632767685, "accuracy": 0.658338123866284, "precision": 0.9539230560786518, "recall": 0.41683034198699676, "f1_score": 0.294032188805077}