{"loss": 0.7848288549244496, "accuracy": 0.3765698934612397, "precision": 0.5743017363142693, "recall": 0.9061432116601836, "f1_score": 0.40402851106431237}