{"loss": 0.4173452301136519, "accuracy": 0.24311278818401072, "precision": 0.6161405182423203, "recall": 0.898774985085714, "f1_score": 0.21123683104840263}