{"loss": 0.5064649587440757, "accuracy": 0.34856307723192825, "precision": 0.7555615270712482, "recall": 0.5277157105421633, "f1_score": 0.06258743928359023}