{"loss": 0.06461749231148106, "accuracy": 0.6519413068410344, "precision": 0.5267320829069604, "recall": 0.22766007574484226, "f1_score": 0.35520409630206795}