{"loss": 0.850009204190642, "accuracy": 0.6103975585874215, "precision": 0.3435456009899631, "recall": 0.18708678187880678, "f1_score": 0.2195397932655423}