{"loss": 0.43409282482364187, "accuracy": 0.4479981708893146, "precision": 0.8436560483747206, "recall": 0.18036655583321604, "f1_score": 0.08626853614150287}