{"loss": 0.6841215133319128, "accuracy": 0.7844830616927359, "precision": 0.5750243508022206, "recall": 0.08666786772285573, "f1_score": 0.7273456144485975}